CREATE TABLE v_group_members (id INT NOT NULL AUTO_INCREMENT PRIMARY KEY, v_id NUMERIC, groupid TEXT, username TEXT);
INSERT INTO v_group_members VALUES(1,1,'member','admin');
INSERT INTO v_group_members VALUES(2,1,'admin','admin');
INSERT INTO v_group_members VALUES(3,1,'admin','superadmin');
INSERT INTO v_group_members VALUES(4,1,'member','superadmin');
INSERT INTO v_group_members VALUES(5,1,'superadmin','superadmin');
CREATE TABLE v_groups (id INT NOT NULL AUTO_INCREMENT PRIMARY KEY, v_id NUMERIC, groupid TEXT, groupdesc TEXT);
INSERT INTO v_groups VALUES(1,1,'admin','Administrator Group');
INSERT INTO v_groups VALUES(2,1,'member','Member Group');
INSERT INTO v_groups VALUES(3,1,'hidden','Hidden Group hides items in the menu');
INSERT INTO v_groups VALUES(4,1,'superadmin','Super Administrator Group');
CREATE TABLE v_menu (menuid INT NOT NULL AUTO_INCREMENT PRIMARY KEY, v_id NUMERIC, menulanguage TEXT, menutitle TEXT, menustr TEXT, menucategory TEXT, menugroup TEXT, menudesc TEXT, menuparentid TEXT, menuorder NUMERIC, menuadduser TEXT, menuadddate TEXT, menumoduser TEXT, menumoddate TEXT);
INSERT INTO v_menu VALUES(1,1,'en','Menu Manager','/core/menu/menu_list.php','internal','admin','',3,31,'mcrane','2007-05-02 15:24:32','mcrane','2009-10-30 18:24:53');
INSERT INTO v_menu VALUES(3,1,'en','Admin','','internal','admin','','',24,'mcrane','2007-05-02 15:35:39','admin','2009-11-04 18:20:27');
INSERT INTO v_menu VALUES(4,1,'en','Content Manager','/core/content/rsslist.php','internal','admin','',3,26,'mcrane','2007-05-02 15:37:30','mcrane','2009-10-27 22:31:44');
INSERT INTO v_menu VALUES(5,1,'en','User Manager','/core/users/index.php','internal','admin','',3,32,'mcrane','2007-05-02 15:38:04','mcrane','2009-10-30 18:25:09');
INSERT INTO v_menu VALUES(7,1,'en','Home','/index.php','internal','','','',0,'mcrane','2007-05-02 15:43:52','mcrane','2009-10-24 01:02:47');
INSERT INTO v_menu VALUES(8,1,'en','Login','/login.php','internal','hidden','',31,40,'mcrane','2007-05-02 16:34:06','mcrane','2009-10-23 22:08:45');
INSERT INTO v_menu VALUES(10,1,'en','Task Manager','/tasks/rsslist.php','internal','hidden','',31,41,'mcrane','2007-05-02 16:50:51','admin','2009-09-11 23:41:05');
INSERT INTO v_menu VALUES(15,1,'en','Add Content','/core/content/rssadd.php','internal','hidden','',4,27,'mcrane','2007-05-09 01:40:17','mcrane','2009-10-27 22:46:52');
INSERT INTO v_menu VALUES(20,1,'en','Logout','/logout.php','internal','member','','',38,'mcrane','2007-05-26 22:23:52','mcrane','2009-10-28 01:24:53');
INSERT INTO v_menu VALUES(22,1,'en','Website Stats','/stats/','internal','hidden','',31,43,'mcrane','2007-06-18 17:45:25','mcrane','2007-08-25 18:59:27');
INSERT INTO v_menu VALUES(23,1,'en','Member','','internal','member','','',21,'mcrane','2007-06-22 17:57:38','mcrane','2009-08-20 10:53:59');
INSERT INTO v_menu VALUES(25,1,'en','Account Settings','/mod/users/usersupdate.php','internal','member','',23,23,'mcrane','2007-07-12 01:05:51','mcrane','2009-10-27 23:09:16');
INSERT INTO v_menu VALUES(30,1,'en','Template Manager','/core/templates/templates.php','internal','superadmin','',3,33,'mcrane','2007-08-22 14:03:34','mcrane','2009-10-30 18:25:24');
INSERT INTO v_menu VALUES(31,1,'en','Hidden','','internal','hidden','','',39,'mcrane','2007-08-25 18:59:08','admin','2009-11-04 18:21:23');
INSERT INTO v_menu VALUES(32,1,'en','Apply Settings','/core/status/v_cmd.php?cmd=api+reloadxml','internal','admin','',3,25,'mcrane','2007-08-25 19:05:30',NULL,NULL);
INSERT INTO v_menu VALUES(33,1,'en','Sign Up','/mod/users/signup.php','internal','hidden','',31,42,'mcrane','2007-08-25 19:17:44','mcrane','2009-10-27 23:09:37');
INSERT INTO v_menu VALUES(34,1,'en','System Settings','/core/system_settings/v_system_settings.php','internal','superadmin','',3,34,'mcrane','2009-08-20 10:15:35','mcrane','2009-10-30 18:25:41');
INSERT INTO v_menu VALUES(35,1,'en','Settings','/core/settings/v_settings_edit.php?id=1','internal','admin','',40,2,'mcrane','2009-08-20 10:16:20','mcrane','2009-10-30 16:39:52');
INSERT INTO v_menu VALUES(36,1,'en','Dialplan','/core/dialplan/v_dialplan_includes.php','internal','admin','',40,3,'mcrane','2009-08-20 10:37:51','mcrane','2009-10-27 22:08:04');
INSERT INTO v_menu VALUES(37,1,'en','Extensions','/core/extensions/v_extensions.php','internal','admin','',40,4,'mcrane','2009-08-20 10:39:55','mcrane','2009-10-27 22:07:05');
INSERT INTO v_menu VALUES(38,1,'en','Features','/mod/features/v_features.php','internal','admin','',40,5,'mcrane','2009-08-20 10:40:31','mcrane','2009-10-27 22:56:57');
INSERT INTO v_menu VALUES(39,1,'en','SIP Gateways','/core/gateways/v_gateways.php','internal','admin','',40,16,'mcrane','2009-08-20 10:41:08','mcrane','2009-10-27 22:10:27');
INSERT INTO v_menu VALUES(40,1,'en','Voice','','internal','admin','','',1,'mcrane','2009-08-20 10:42:11','admin','2009-11-04 18:20:59');
INSERT INTO v_menu VALUES(41,1,'en','Auto Attendant','/mod/auto_attendant/v_auto_attendant.php','internal','admin','',38,6,'mcrane','2009-08-20 10:46:04','mcrane','2009-10-27 22:44:29');
INSERT INTO v_menu VALUES(42,1,'en','Fax Server','/mod/fax/v_fax.php','internal','admin','',40,9,'mcrane','2009-08-20 10:46:39','mcrane','2009-10-27 22:49:59');
INSERT INTO v_menu VALUES(43,1,'en','Hunt Group','/mod/hunt_group/v_hunt_group.php','internal','admin','',38,10,'mcrane','2009-08-20 10:47:13','mcrane','2009-10-27 22:50:24');
INSERT INTO v_menu VALUES(44,1,'en','Modules','/core/modules/v_modules.php','internal','admin','',38,11,'mcrane','2009-08-20 10:47:46','mcrane','2009-10-27 22:50:59');
INSERT INTO v_menu VALUES(45,1,'en','Music on Hold','/mod/recordings/v_recordings.php','internal','admin','',38,12,'mcrane','2009-08-20 10:49:31','mcrane','2009-10-27 22:52:15');
INSERT INTO v_menu VALUES(46,1,'en','Recordings','/mod/recordings/v_recordings.php','internal','admin','',38,13,'mcrane','2009-08-20 10:50:12','mcrane','2009-10-27 22:51:39');
INSERT INTO v_menu VALUES(47,1,'en','SIP Profiles','/core/profiles/v_profiles.php','internal','admin','',40,17,'mcrane','2009-08-20 10:51:17','mcrane','2009-10-27 22:11:38');
INSERT INTO v_menu VALUES(48,1,'en','Inbound Routes','/core/public_includes/v_public_includes.php','internal','admin','',40,18,'mcrane','2009-08-20 10:51:56','mcrane','2009-10-27 22:12:16');
INSERT INTO v_menu VALUES(49,1,'en','Status','/core/status/v_status.php','internal','admin','',40,19,'mcrane','2009-08-20 10:52:38','mcrane','2009-10-27 22:26:42');
INSERT INTO v_menu VALUES(50,1,'en','Variables','/core/vars/v_vars.php','internal','admin','',40,20,'mcrane','2009-08-20 10:53:12','mcrane','2009-10-27 22:54:08');
INSERT INTO v_menu VALUES(52,1,'en','Call Detail Records','/core/cdr/v_cdr.php','internal','admin','',23,28,'mcrane','2009-09-05 00:30:16','mcrane','2009-10-27 22:49:14');
INSERT INTO v_menu VALUES(53,1,'en','XML Editor','/mod/xml_edit/','internal','admin','',38,8,'mcrane','2009-09-08 17:50:37','mcrane','2009-10-27 22:36:27');
INSERT INTO v_menu VALUES(54,1,'en','Voicemail Status','/mod/voicemail_status/v_voicemail.php','internal','admin','',38,15,'mcrane','2009-09-10 22:26:54','mcrane','2009-10-27 22:52:54');
INSERT INTO v_menu VALUES(56,1,'en','Voicemail','/mod/voicemail_msgs/v_voicemail_msgs.php','internal','member','',23,24,'mcrane','2009-09-16 04:04:11','mcrane','2009-10-27 23:32:25');
INSERT INTO v_menu VALUES(58,1,'en','PHP Editor','/mod/php_edit/index.php','internal','superadmin','',3,36,'mcrane','2009-09-23 12:15:51','mcrane','2009-10-30 18:26:11');
INSERT INTO v_menu VALUES(64,1,'en','Command','/mod/exec/v_exec.php','internal','superadmin','',3,35,'mcrane','2009-09-23 21:55:57','mcrane','2009-10-30 18:25:54');
INSERT INTO v_menu VALUES(65,1,'en','Contact Manager','/mod/contacts/users.php','internal','admin','',3,28,'mcrane','2009-10-03 13:48:07','mcrane','2009-10-27 22:33:36');
INSERT INTO v_menu VALUES(66,1,'en','Softphone','/mod/soft_phone/v_softphone.php','internal','admin','',3,29,'mcrane','2009-10-10 12:23:39','mcrane','2009-10-27 23:00:27');
INSERT INTO v_menu VALUES(67,1,'en','Call Broadcast','/mod/call_broadcast/v_call_broadcast.php','internal','admin','',38,14,'mcrane','2009-10-13 11:40:28','mcrane','2009-10-27 22:44:50');
INSERT INTO v_menu VALUES(71,1,'en','SQLite Query','/mod/sqlite_query/index.php','internal','hidden','',3,37,'mcrane','2009-10-28 01:00:41','mcrane','2009-10-30 18:26:27');
INSERT INTO v_menu VALUES(72,1,'en','Vertical','','internal','hidden','','',44,'mcrane','2009-11-04 01:58:46','admin','2009-11-04 18:21:33');
INSERT INTO v_menu VALUES(73,1,'en','Script Editor','/mod/script_edit/index.php','internal','superadmin','',3,36,'mcrane','2009-09-23 12:15:51','mcrane','2009-10-30 18:26:11');
INSERT INTO v_menu VALUES(74,1,'en','Grammar Editor','/mod/grammar_edit/index.php','internal','superadmin','',3,36,'mcrane','2009-09-23 12:15:51','mcrane','2009-10-30 18:26:11');
INSERT INTO v_menu VALUES(75,1,'en','Call Detail Records','/core/cdr/v_cdr.php','internal','member','',38,23,'mcrane','2009-09-05 00:30:16','mcrane','2009-10-27 22:49:14');
INSERT INTO v_menu VALUES(76,1,'en','Conferences','/mod/conferences/v_conferences.php','internal','admin','',38,23,'mcrane','2010-08-01 00:30:16','mcrane','2010-08-01 22:49:14');
INSERT INTO v_menu VALUES(77,1,'en','Call Forward','/mod/call_forward/v_call_forward.php','internal','admin','',38,23,'mcrane','2010-12-02 00:30:16','mcrane','2010-12-02 22:49:14');
INSERT INTO v_menu VALUES(78,1,'en','Active Calls','/mod/calls_active/v_calls_active.php','internal','admin','',38,6,'mcrane','2010-02-26 00:30:16','mcrane','2010-02-26 02:40:14');
INSERT INTO v_menu VALUES(79,1,'en','Active Extensions','/mod/calls_active/v_calls_active_extensions.php','internal','admin','',38,7,'mcrane','2010-02-26 00:30:16','mcrane','2010-02-26 02:40:14');
CREATE TABLE v_rss (rssid INT NOT NULL AUTO_INCREMENT PRIMARY KEY, v_id NUMERIC, rsslanguage TEXT, rsscategory TEXT, rsssubcategory TEXT, rsstitle TEXT, rsslink TEXT, rssdesc TEXT, rssimg BLOB, rssoptional1 TEXT, rssoptional2 TEXT, rssoptional3 TEXT, rssoptional4 TEXT, rssoptional5 TEXT, rssadddate TEXT, rssadduser TEXT, rssdeldate TEXT, rssdeluser TEXT, rssorder NUMERIC, rsscontent TEXT, rssgroup TEXT);
CREATE TABLE v_rss_sub (rsssubid INT NOT NULL AUTO_INCREMENT PRIMARY KEY, v_id NUMERIC, rssid NUMERIC, rsssublanguage TEXT, rsssubtitle TEXT, rsssublink TEXT, rsssubdesc TEXT, rsssuboptional1 TEXT, rsssuboptional2 TEXT, rsssuboptional3 TEXT, rsssuboptional4 TEXT, rsssuboptional5 TEXT, rsssubadddate TEXT, rsssubadduser TEXT, rsssubdeluser TEXT, rsssubdeldate TEXT, rsssubparentid TEXT);
CREATE TABLE v_rss_sub_category ( rsssubcategoryid INT NOT NULL AUTO_INCREMENT PRIMARY KEY, v_id NUMERIC, rsssubcategorylanguage TEXT, rsscategory TEXT, rsssubcategory TEXT, rsssubcategorydesc TEXT, rssadduser TEXT, rssadddate TEXT);
CREATE TABLE v_software (id INT NOT NULL AUTO_INCREMENT PRIMARY KEY, v_id NUMERIC, software TEXT, softwarename TEXT, softwareurl TEXT, softwareversion TEXT);
INSERT INTO v_software VALUES(1,1,'fusionpbx','Fusion PBX','http://www.fusionpbx.com','1.0');
CREATE TABLE v_templates (templateid INT NOT NULL AUTO_INCREMENT PRIMARY KEY, v_id NUMERIC, templatelanguage TEXT, templatename TEXT, templatedesc TEXT, template MEDIUMTEXT, adduser TEXT, adddate TEXT, deluser TEXT, deldate TEXT, templatemenutype TEXT, templatemenucss MEDIUMTEXT, template_default TEXT);
INSERT INTO v_templates VALUES(1,1,'en','horizontal','horizontal menu, features a drop down menu','PGh0bWwgeG1sbnM9Imh0dHA6Ly93d3cudzMub3JnLzE5OTkveGh0bWwiIHhtbDpsYW5nPSJlbiI+DQo8aGVhZD4NCjx0aXRsZT48IS0te3RpdGxlfS0tPjwvdGl0bGU+DQo8IS0te2hlYWR9LS0+DQo8bWV0YSBodHRwLWVxdWl2PSJDb250ZW50LVR5cGUiIGNvbnRlbnQ9InRleHQvaHRtbDsgY2hhcnNldD1JU08tODg1OS0xIj4NCjxtZXRhIGh0dHAtZXF1aXY9IlgtVUEtQ29tcGF0aWJsZSIgY29udGVudD0iSUU9RW11bGF0ZUlFNyIgLz4NCjxzdHlsZSB0eXBlPSd0ZXh0L2Nzcyc+DQoNCmltZyB7DQoJLypiZWhhdmlvcjogdXJsKCc8IS0te3Byb2plY3RfcGF0aH0tLT4vaW5jbHVkZXMvcG5nLmh0YycpOyovDQoJYm9yZGVyOiBub25lOw0KfQ0KDQpBIHsNCgljb2xvcjogIzAwNDA4MzsNCgl3aWR0aDogMTAwJTsNCn0NCg0KYm9keSB7DQoJbWFyZ2luLXRvcDogMHB4Ow0KCW1hcmdpbi1ib3R0b206IDBweDsNCgltYXJnaW4tcmlnaHQ6IDBweDsNCgltYXJnaW4tbGVmdDogMHB4Ow0KCWJhY2tncm91bmQtaW1hZ2U6IHVybCgnPCEtLXtwcm9qZWN0X3BhdGh9LS0+L3RoZW1lcy9ob3Jpem9udGFsL2JhY2tncm91bmQuanBnJyk7DQoJYmFja2dyb3VuZC1yZXBlYXQ6IHJlcGVhdC14Ow0KCWJhY2tncm91bmQtYXR0YWNobWVudDogZml4ZWQ7DQoJYmFja2dyb3VuZC1jb2xvcjogI0ZGRkZGRjsNCn0NCg0KdGggew0KCWJvcmRlci10b3A6IDFweCBzb2xpZCAjNDQ0NDQ0Ow0KCWJvcmRlci1ib3R0b206IDFweCBzb2xpZCAjNDQ0NDQ0Ow0KCWNvbG9yOiAjRkZGRkZGOw0KCWZvbnQtc2l6ZTogMTJweDsNCglmb250LWZhbWlseTogYXJpYWw7DQoJZm9udC13ZWlnaHQ6IGJvbGQ7DQoJLypiYWNrZ3JvdW5kLWNvbG9yOiAjNTA2ZWFiOyovDQoJYmFja2dyb3VuZC1pbWFnZTogdXJsKCc8IS0te3Byb2plY3RfcGF0aH0tLT4vdGhlbWVzL2hvcml6b250YWwvYmFja2dyb3VuZF90aC5wbmcnKTsNCglwYWRkaW5nLXRvcDogNHB4Ow0KCXBhZGRpbmctYm90dG9tOiA0cHg7DQoJcGFkZGluZy1yaWdodDogN3B4Ow0KCXBhZGRpbmctbGVmdDogN3B4Ow0KfQ0KDQp0aCBhOmxpbmt7IGNvbG9yOiNGRkZGRkY7IH0NCnRoIGE6dmlzaXRlZHsgY29sb3I6I0ZGRkZGRjsgfQ0KdGggYTpob3ZlcnsgY29sb3I6I0ZGRkZGRjsgfQ0KdGggYTphY3RpdmV7IGNvbG9yOiNGRkZGRkY7IH0NCg0KdGQgew0KCWNvbG9yOiAjNWY1ZjVmOw0KCWZvbnQtc2l6ZTogMTJweDsNCglmb250LWZhbWlseTogYXJpYWw7DQp9DQoNCklOUFVULmJ0biB7DQoJZm9udC1mYW1pbHk6IHZlcmRhbmE7DQoJZm9udC1zaXplOiAxMXB4Ow0KfQ0KDQpJTlBVVC5idXR0b24gew0KCWZvbnQtZmFtaWx5OiB2ZXJkYW5hOw0KCWZvbnQtc2l6ZTogMTFweDsNCn0NCg0KU0VMRUNULnR4dCB7DQoJZm9udC1mYW1pbHk6IGFyaWFsOw0KCWZvbnQtc2l6ZTogMTJweDsNCgl3aWR0aDogOTguNzUlOw0KCWJvcmRlcjogc29saWQgMXB4ICNDQ0NDQ0M7DQoJY29sb3I6ICM2NjY2NjY7DQoJYmFja2dyb3VuZC1jb2xvcjogI0VGRUZFRjsNCgliYWNrZ3JvdW5kLXJlcGVhdDpyZXBlYXQteDsNCgloZWlnaHQ6IDE5cHg7DQp9DQoNClRFWFRBUkVBLnR4dCB7DQoJZm9udC1mYW1pbHk6IGFyaWFsOw0KCWZvbnQtc2l6ZTogMTJweDsNCgl3aWR0aDogOTguNzUlOw0KCWJvcmRlcjogc29saWQgMXB4ICNDQ0NDQ0M7DQoJY29sb3I6ICM2NjY2NjY7DQoJYmFja2dyb3VuZC1jb2xvcjogI0VGRUZFRjsNCgliYWNrZ3JvdW5kLXJlcGVhdDpyZXBlYXQteDsNCglvdmVyZmxvdzogYXV0bzsNCn0NCg0KSU5QVVQudHh0IHsNCglmb250LWZhbWlseTogYXJpYWw7DQoJZm9udC1zaXplOiAxMnB4Ow0KCXdpZHRoOiA5OC43NSU7DQoJYm9yZGVyOiBzb2xpZCAxcHggI0NDQ0NDQzsNCgljb2xvcjogIzY2NjY2NjsNCgliYWNrZ3JvdW5kLWNvbG9yOiAjRUZFRkVGOw0KCWJhY2tncm91bmQtcmVwZWF0OnJlcGVhdC14Ow0KfQ0KDQouZm9ybWZsZCB7DQoJYm9yZGVyOiBzb2xpZCAxcHggI0NDQ0NDQzsNCgljb2xvcjogIzY2NjY2NjsNCgliYWNrZ3JvdW5kLWNvbG9yOiAjRjdGN0Y3Ow0KCXdpZHRoOiA1MCU7DQoJdGV4dC1hbGlnbjogbGVmdDsNCgkvKndpZHRoOiAzMDBweDsqLw0KfQ0KDQoudm5jZWxsIHsNCglib3JkZXItYm90dG9tOiAxcHggc29saWQgIzk5OTk5OTsNCgliYWNrZ3JvdW5kLWNvbG9yOiAjNjM5QkMxOw0KCWJhY2tncm91bmQtaW1hZ2U6IHVybCgnPCEtLXtwcm9qZWN0X3BhdGh9LS0+L3RoZW1lcy9ob3Jpem9udGFsL2JhY2tncm91bmRfY2VsbC5naWYnKTsNCglwYWRkaW5nLXJpZ2h0OiAyMHB4Ow0KCXBhZGRpbmctbGVmdDogOHB4Ow0KCXRleHQtYWxpZ246IGxlZnQ7DQoJY29sb3I6ICM0NDQ0NDQ7DQp9DQoNCi52bmNlbGwgYTpsaW5reyBjb2xvcjojNDQ0NDQ0OyB9DQoudm5jZWxsIGE6dmlzaXRlZHsgY29sb3I6IzQ0NDQ0NDsgfQ0KLnZuY2VsbCBzdHlsZTAgYTpob3ZlcnsgY29sb3I6IzQ0NDQ0NDsgfQ0KLnZuY2VsbCBhOmFjdGl2ZXsgY29sb3I6IzQ0NDQ0NDsgfQ0KDQoudm5jZWxscmVxIHsNCgliYWNrZ3JvdW5kLWltYWdlOiB1cmwoJzwhLS17cHJvamVjdF9wYXRofS0tPi90aGVtZXMvaG9yaXpvbnRhbC9iYWNrZ3JvdW5kX2NlbGwuZ2lmJyk7DQoJYm9yZGVyLWJvdHRvbTogMXB4IHNvbGlkICM5OTk5OTk7DQoJYmFja2dyb3VuZC1jb2xvcjogIzYzOUJDMTsNCglwYWRkaW5nLXJpZ2h0OiAyMHB4Ow0KCXBhZGRpbmctbGVmdDogOHB4Ow0KCXRleHQtYWxpZ246IGxlZnQ7DQoJZm9udC13ZWlnaHQ6IGJvbGQ7DQoJY29sb3I6ICM0NDQ0NDQ7DQp9DQoNCi52dGFibGUgew0KCWJvcmRlci1ib3R0b206IDFweCBzb2xpZCAjREZERkRGOw0KfQ0KDQoubGlzdGJnIHsNCglib3JkZXItYm90dG9tOiAxcHggc29saWQgIzk5OTk5OTsNCglmb250LXNpemU6IDExcHg7DQoJYmFja2dyb3VuZC1jb2xvcjogIzk5MDAwMDsNCgljb2xvcjogIzQ0NDQ0NDsJDQoJcGFkZGluZy1yaWdodDogMTZweDsNCglwYWRkaW5nLWxlZnQ6IDZweDsNCglwYWRkaW5nLXRvcDogNHB4Ow0KCXBhZGRpbmctYm90dG9tOiA0cHg7Ki8NCn0NCg0KLnJvd3N0eWxlMCB7DQoJYmFja2dyb3VuZC1pbWFnZTogdXJsKCc8IS0te3Byb2plY3RfcGF0aH0tLT4vdGhlbWVzL2hvcml6b250YWwvYmFja2dyb3VuZF9jZWxsLmdpZicpOw0KCWJvcmRlci1ib3R0b206IDFweCBzb2xpZCAjOTk5OTk5Ow0KCWNvbG9yOiAjNDQ0NDQ0Ow0KCXRleHQtYWxpZ246IGxlZnQ7DQoJcGFkZGluZy10b3A6IDRweDsNCglwYWRkaW5nLWJvdHRvbTogNHB4Ow0KCXBhZGRpbmctcmlnaHQ6IDdweDsNCglwYWRkaW5nLWxlZnQ6IDdweDsNCn0NCg0KLnJvd3N0eWxlMCBhOmxpbmt7IGNvbG9yOiM0NDQ0NDQ7IH0NCi5yb3dzdHlsZTAgYTp2aXNpdGVkeyBjb2xvcjojNDQ0NDQ0OyB9DQoucm93c3R5bGUwIGE6aG92ZXJ7IGNvbG9yOiM0NDQ0NDQ7IH0NCi5yb3dzdHlsZTAgYTphY3RpdmV7IGNvbG9yOiM0NDQ0NDQ7IH0NCg0KLnJvd3N0eWxlMSB7DQoJYm9yZGVyLWJvdHRvbTogMXB4IHNvbGlkICM5OTk5OTk7DQoJYmFja2dyb3VuZC1jb2xvcjogI0ZGRkZGRjsNCgl0ZXh0LWFsaWduOiBsZWZ0Ow0KCXBhZGRpbmctdG9wOiA0cHg7DQoJcGFkZGluZy1ib3R0b206IDRweDsNCglwYWRkaW5nLXJpZ2h0OiA3cHg7DQoJcGFkZGluZy1sZWZ0OiA3cHg7DQp9DQoNCi5yb3dzdHlsZWJnIHsNCglib3JkZXItYm90dG9tOiAxcHggc29saWQgIzg4ODg4ODsNCgliYWNrZ3JvdW5kLWNvbG9yOiAjNUY1RjVGOw0KCWNvbG9yOiAjRkZGRkZGOw0KCXRleHQtYWxpZ246IGxlZnQ7DQoJcGFkZGluZy10b3A6IDVweDsNCglwYWRkaW5nLWJvdHRvbTogNXB4Ow0KCXBhZGRpbmctcmlnaHQ6IDEwcHg7DQoJcGFkZGluZy1sZWZ0OiAxMHB4Ow0KfQ0KDQouYm9yZGVyIHsNCglib3JkZXI6IHNvbGlkIDFweCAjOTk5OTk5Ow0KCWJhY2tncm91bmQtY29sb3I6ICNGRkZGRkY7DQp9DQoNCi5oZWFkZXJtYWluIHsNCgliYWNrZ3JvdW5kLWNvbG9yOiAjN0ZBRURFOw0KfQ0KDQouZnJtIHsNCglib3JkZXI6IHNvbGlkIDFweCAjQ0NDQ0NDOw0KCWNvbG9yOiAjNjY2NjY2Ow0KCWJhY2tncm91bmQtY29sb3I6ICNFRkVGRUY7DQoNCn0NCg0KLnNtYWxsdGV4dCB7DQoJY29sb3I6ICNCQkJCQkI7DQoJZm9udC1zaXplOiAxMXB4Ow0KCWZvbnQtZmFtaWx5OiBhcmlhbDsNCn0NCjwvc3R5bGU+DQoNCjxzY3JpcHQgdHlwZT0idGV4dC9qYXZhc2NyaXB0Ij4NCjwhLS0NCmZ1bmN0aW9uIGpzY29uZmlybSh0aXRsZSxtc2csdXJsKSB7DQoJaWYgKGNvbmZpcm0obXNnKSl7DQoJCXdpbmRvdy5sb2NhdGlvbiA9IHVybDsNCgl9DQoJZWxzZXsNCgl9DQp9DQovLy0tPg0KPC9zY3JpcHQ+DQoNCjxTQ1JJUFQgbGFuZ3VhZ2U9IkphdmFTY3JpcHQiPg0KPCEtLQ0KZnVuY3Rpb24gY29uZmlybWRlbGV0ZSh1cmwpIHsNCgl2YXIgY29uZmlybWVkID0gY29uZmlybSgiQXJlIHlvdSBzdXJlIHdhbnQgdG8gZGVsZXRlIHRoaXMuIik7DQoJaWYgKGNvbmZpcm1lZCA9PSB0cnVlKSB7DQoJCXdpbmRvdy5sb2NhdGlvbj11cmw7DQoJfQ0KfQ0KLy8tLT4NCjwvU0NSSVBUPg0KPC9oZWFkPg0KPGJvZHk+DQoNCjxkaXYgYWxpZ249J2NlbnRlcic+DQo8dGFibGUgd2lkdGg9JzkwJScgY2xhc3M9J2JvcmRlci5kaXNhYmxlZCcgc3R5bGU9J2JhY2tncm91bmQtY29sb3I6I0ZGRkZGRjsnIGJvcmRlcj0nMCcgY2VsbHBhZGRpbmc9JzAnIGNlbGxzcGFjaW5nPScwJz4NCjx0cj4NCjx0ZCBjbGFzcz0naGVhZGVybWFpbicgc3R5bGU9J2JhY2tncm91bmQtY29sb3I6I0ZGRkZGRjsnIHdpZHRoPScxMDAlJz4NCgk8dGFibGUgY2VsbHBhZGRpbmc9JzAnIGNlbGxzcGFjaW5nPScwJyBib3JkZXI9JzAnIHN0eWxlPSJiYWNrZ3JvdW5kLWltYWdlOiB1cmwoJzwhLS17cHJvamVjdF9wYXRofS0tPi90aGVtZXMvaG9yaXpvbnRhbC9iYWNrZ3JvdW5kX2hlYWQucG5nJyk7IGNvbG9yOiAjRkZGRkZGOyBmb250LXNpemU6IDIwcHg7JyIgd2lkdGg9JzEwMCUnPg0KCTx0cj4NCgk8dGQgYWxpZ249J2NlbnRlcicgY29sc3Bhbj0nMicgc3R5bGU9Jycgd2lkdGg9JzEwMCUnIGhlaWdodD0nNCc+DQoJPC90ZD4NCgk8L3RyPg0KCTx0cj4NCgk8dGQ+PC90ZD4NCgk8dGQgYWxpZ249J2xlZnQnIHZhbGlnbj0nbWlkZGxlJyBoZWlnaHQ9JzcwcHg7JyBub3dyYXA+DQoJCTxpbWcgc3JjPSc8IS0te3Byb2plY3RfcGF0aH0tLT4vdGhlbWVzL2hvcml6b250YWwvbG9nby5wbmcnIGhlaWdodD0nNzBweCcgLz4NCgk8L3RkPg0KCTwvdHI+DQoJPHRyPg0KCTx0ZCBhbGlnbj0nY2VudGVyJyBjb2xzcGFuPScyJyBzdHlsZT0nYmFja2dyb3VuZC1jb2xvcjogIzIyMjIyMjsnIHdpZHRoPScxMDAlJyBoZWlnaHQ9JzIyJz4NCgk8IS0te21lbnV9LS0+DQoJPC90ZD4NCgk8L3RyPg0KCTwvdGFibGU+DQoNCjwvdGQ+DQo8L3RyPg0KPCEtLQ0KPHRyPjx0ZCBjb2xzcGFuPScxMDAlJz48aW1nIHNyYz0nPCEtLXtwcm9qZWN0X3BhdGh9LS0+L2ltYWdlcy9zcGFjZXIuZ2lmJyB3aWR0aD0nMTAwJScgaGVpZ2h0PScxJyBzdHlsZT0nYmFja2dyb3VuZC1jb2xvcjogI0JCQkJCQjsnPjwvdGQ+PC90cj4NCi0tPg0KPHRyPg0KDQo8dGQgdmFsaWduPSd0b3AnIGFsaWduPSdjZW50ZXInIHdpZHRoPScxMDAlJz4NCg0KDQo8dGFibGUgd2lkdGg9JzEwMCUnIGNlbGxwYWRkaW5nPScyNScgY2VsbHNwYWNpbmc9JzAnIGJvcmRlcj0nMCc+DQo8dGQgd2lkdGg9JzEwMCUnIGFsaWduPSdsZWZ0JyB2YWxpZ249J3RvcCc+DQo8IS0te2JvZHl9LS0+DQo8YnIgLz4NCjxiciAvPg0KPC90ZD4NCjwvdHI+DQo8L3RhYmxlPg0KDQoNCjwvdGQ+DQo8L3RyPg0KPC90YWJsZT4NCg0KPHNwYW4gY2xhc3M9J3NtYWxsdGV4dCc+DQo8YSBjbGFzcz0nc21hbGx0ZXh0JyB0YXJnZXQ9J19ibGFuaycgaHJlZj0naHR0cDovL3d3dy5mdXNpb25wYnguY29tJz5mdXNpb25wYnguY29tPC9hPi4gQ29weXJpZ2h0IDIwMDggLSAyMDEwLiBBbGwgUmlnaHRzIFJlc2VydmVkDQo8L3NwYW4+DQoNCjwvdGQ+DQo8L3RyPg0KPC90YWJsZT4NCjwvZGl2Pg0KDQo8L3RkPg0KPC90cj4NCjwvdGFibGU+DQoNCjxicj4NCg0KPC9ib2R5Pg0KPC9odG1sPg==','','2007-08-22 14:21:16',NULL,NULL,'','PHN0eWxlIHR5cGU9J3RleHQvY3NzJz4NCi8qIENTUyBNZW51cyAtIEhvcml6b250YWwgQ1NTIE1lbnUgd2l0aCBEcm9wZG93biBhbmQgUG9wb3V0IE1lbnVzIC0gMjAwNTAxMzEgKi8NCg0KDQovKiBCZWdpbiBDU1MgUG9wb3V0IE1lbnUgKi8NCg0KI21lbnV7DQp3aWR0aDoxMDAlOw0KZmxvYXQ6bGVmdDsNCn0NCg0KI21lbnUgYSwgI21lbnUgaDJ7DQpmb250OmJvbGQgMTFweC8xNnB4IGFyaWFsLGhlbHZldGljYSxzYW5zLXNlcmlmOw0KZGlzcGxheTpibG9jazsNCi8qYm9yZGVyLWNvbG9yOiNjY2MgIzg4OCAjNTU1ICNiYmI7Ki8NCmJvcmRlcjogc29saWQgMC41cHggIzIyMjIyMjsNCndoaXRlLXNwYWNlOm5vd3JhcDsNCm1hcmdpbjowOw0KcGFkZGluZzoycHggMCAycHggNHB4Ow0KfQ0KDQojbWVudSBoMnsNCmJhY2tncm91bmQ6IzIyMjIyMiB1cmwoPCEtLXtwcm9qZWN0X3BhdGh9LS0+L2Nzcy9pbWFnZXMvZXhwYW5kMy5naWYpIG5vLXJlcGVhdCAxMDAlIDEwMCU7DQovKnRleHQtdHJhbnNmb3JtOnVwcGVyY2FzZSovDQp9DQoNCiNtZW51IGF7DQpiYWNrZ3JvdW5kOiMzMzMzMzM7DQp0ZXh0LWRlY29yYXRpb246bm9uZTsNCn0NCg0KLyogZHJvcCBkb3duIHRleHQgY29sb3IgKi8NCiNtZW51IGEsICNtZW51IGE6dmlzaXRlZHsNCmNvbG9yOiNjY2NjY2M7DQp9DQoNCiNtZW51IGE6aG92ZXJ7DQpjb2xvcjojZmQ5YzAzOw0KYmFja2dyb3VuZDojMUYxRjFGOw0KfQ0KDQojbWVudSBhOmFjdGl2ZXsNCmNvbG9yOiNmZDljMDM7DQpiYWNrZ3JvdW5kOiMxRjFGMUY7DQp9DQoNCiNtZW51IHVsew0KbGlzdC1zdHlsZTpub25lOw0KbWFyZ2luOjA7DQpwYWRkaW5nOjA7DQpmbG9hdDpsZWZ0Ow0Kd2lkdGg6OWVtOw0KfQ0KDQojbWVudSBsaXsNCnBvc2l0aW9uOnJlbGF0aXZlOw0KfQ0KDQojbWVudSB1bCB1bHsNCnBvc2l0aW9uOmFic29sdXRlOw0Kei1pbmRleDo1MDA7DQp0b3A6YXV0bzsNCmRpc3BsYXk6bm9uZTsNCn0NCg0KI21lbnUgdWwgdWwgdWx7DQp0b3A6MDsNCmxlZnQ6MTAwJTsNCn0NCg0KDQoNCi8qIEJlZ2luIG5vbi1hbmNob3IgaG92ZXIgc2VsZWN0b3JzICovDQoNCi8qIEVudGVyIHRoZSBtb3JlIHNwZWNpZmljIGVsZW1lbnQgKGRpdikgc2VsZWN0b3INCm9uIG5vbi1hbmNob3IgaG92ZXJzIGZvciBJRTUueCB0byBjb21wbHkgd2l0aCB0aGUNCm9sZGVyIHZlcnNpb24gb2YgY3NzaG92ZXIuaHRjIC0gVjEuMjEuMDQxMDIyLiBJdA0KaW1wcm92ZXMgSUUncyBwZXJmb3JtYW5jZSBzcGVlZCB0byB1c2UgdGhlIG9sZGVyDQpmaWxlIGFuZCB0aGlzIG1ldGhvZCAqLw0KDQpkaXYjbWVudSBoMjpob3ZlcnsNCmJhY2tncm91bmQ6IzFGMUYxRiB1cmwoPCEtLXtwcm9qZWN0X3BhdGh9LS0+L2Nzcy9pbWFnZXMvZXhwYW5kMy5naWYpIG5vLXJlcGVhdCAtOTk5cHggLTk5OTlweDsNCn0NCg0KZGl2I21lbnUgbGk6aG92ZXJ7DQpjdXJzb3I6cG9pbnRlcjsNCnotaW5kZXg6MTAwOw0KfQ0KDQpkaXYjbWVudSBsaTpob3ZlciB1bCB1bCwNCmRpdiNtZW51IGxpIGxpOmhvdmVyIHVsIHVsLA0KZGl2I21lbnUgbGkgbGkgbGk6aG92ZXIgdWwgdWwsDQpkaXYjbWVudSBsaSBsaSBsaSBsaTpob3ZlciB1bCB1bA0Ke2Rpc3BsYXk6bm9uZTt9DQoNCmRpdiNtZW51IGxpOmhvdmVyIHVsLA0KZGl2I21lbnUgbGkgbGk6aG92ZXIgdWwsDQpkaXYjbWVudSBsaSBsaSBsaTpob3ZlciB1bCwNCmRpdiNtZW51IGxpIGxpIGxpIGxpOmhvdmVyIHVsDQp7ZGlzcGxheTpibG9jazt9DQoNCi8qIEVuZCBvZiBub24tYW5jaG9yIGhvdmVyIHNlbGVjdG9ycyAqLw0KDQovKiBTdHlsaW5nIGZvciBFeHBhbmQgKi8NCg0KI21lbnUgYS54LCAjbWVudSBhLng6dmlzaXRlZHsNCmZvbnQtd2VpZ2h0OmJvbGQ7DQpjb2xvcjojMDAwOw0KYmFja2dyb3VuZDojOTk5OTk5IHVybCg8IS0te3Byb2plY3RfcGF0aH0tLT4vY3NzL2ltYWdlcy9leHBhbmQzLmdpZikgbm8tcmVwZWF0IDEwMCUgMTAwJTsNCn0NCg0KI21lbnUgYS54OmhvdmVyew0KY29sb3I6I2ZmZjsNCmJhY2tncm91bmQ6IzAwMDsNCn0NCg0KI21lbnUgYS54OmFjdGl2ZXsNCmNvbG9yOiMwNjA7DQpiYWNrZ3JvdW5kOiNjY2M7DQp9DQoNCi8qIEVuZCBDU1MgUG9wb3V0IE1lbnUgKi8NCg0KPC9zdHlsZT4=','true');
INSERT INTO v_templates VALUES(2,1,'en','default','vertical menu, accessible for screen readers','PGh0bWwgeG1sbnM9Imh0dHA6Ly93d3cudzMub3JnLzE5OTkveGh0bWwiIHhtbDpsYW5nPSJlbiI+DQo8aGVhZD4NCjx0aXRsZT48IS0te3RpdGxlfS0tPjwvdGl0bGU+DQo8IS0te2hlYWR9LS0+DQo8bWV0YSBodHRwLWVxdWl2PSJDb250ZW50LVR5cGUiIGNvbnRlbnQ9InRleHQvaHRtbDsgY2hhcnNldD1JU08tODg1OS0xIj4NCjxtZXRhIGh0dHAtZXF1aXY9IlgtVUEtQ29tcGF0aWJsZSIgY29udGVudD0iSUU9RW11bGF0ZUlFNyIgLz4NCjxzdHlsZSB0eXBlPSd0ZXh0L2Nzcyc+DQoNCmltZyB7DQoJLypiZWhhdmlvcjogdXJsKCc8IS0te3Byb2plY3RfcGF0aH0tLT4vaW5jbHVkZXMvcG5nLmh0YycpOyovDQoJYm9yZGVyOiBub25lOw0KfQ0KDQpBIHsNCgljb2xvcjogIzAwNDA4MzsNCgl3aWR0aDogMTAwJTsNCn0NCg0KYm9keSB7DQoJbWFyZ2luLXRvcDogMHB4Ow0KCW1hcmdpbi1ib3R0b206IDBweDsNCgltYXJnaW4tcmlnaHQ6IDBweDsNCgltYXJnaW4tbGVmdDogMHB4Ow0KCWJhY2tncm91bmQtaW1hZ2U6IHVybCgnPCEtLXtwcm9qZWN0X3BhdGh9LS0+L3RoZW1lcy9kZWZhdWx0L2JhY2tncm91bmQuZ2lmJyk7DQoJYmFja2dyb3VuZC1jb2xvcjogI2QzZDNkMzsNCn0NCg0KdGggew0KCWJvcmRlci10b3A6IDFweCBzb2xpZCAjOTk5OTk5Ow0KCWJvcmRlci1ib3R0b206IDFweCBzb2xpZCAjNzc3Nzc3Ow0KCWNvbG9yOiAjQ0NDQ0NDOw0KCWZvbnQtc2l6ZTogMTJweDsNCglmb250LWZhbWlseTogYXJpYWw7DQoJZm9udC13ZWlnaHQ6IGJvbGQ7DQoJYmFja2dyb3VuZC1jb2xvcjogIzMzMzMzMzsNCglwYWRkaW5nLXRvcDogNHB4Ow0KCXBhZGRpbmctYm90dG9tOiA0cHg7DQoJcGFkZGluZy1yaWdodDogN3B4Ow0KCXBhZGRpbmctbGVmdDogN3B4Ow0KfQ0KDQp0aCBhOmxpbmt7IGNvbG9yOiNDQ0NDQ0M7IH0NCnRoIGE6dmlzaXRlZHsgY29sb3I6I0NDQ0NDQzsgfQ0KdGggYTpob3ZlcnsgY29sb3I6I0ZGQkYwMDsgfQ0KdGggYTphY3RpdmV7IGNvbG9yOiNGRkJGMDA7IH0NCg0KdGQgew0KCWNvbG9yOiAjNWY1ZjVmOw0KCWZvbnQtc2l6ZTogMTJweDsNCglmb250LWZhbWlseTogYXJpYWw7DQp9DQoNCklOUFVULmJ0biB7DQoJZm9udC1mYW1pbHk6IHZlcmRhbmE7DQoJZm9udC1zaXplOiAxMXB4Ow0KfQ0KDQpJTlBVVC5idXR0b24gew0KCWZvbnQtZmFtaWx5OiB2ZXJkYW5hOw0KCWZvbnQtc2l6ZTogMTFweDsNCn0NCg0KU0VMRUNULnR4dCB7DQoJZm9udC1mYW1pbHk6IGFyaWFsOw0KCWZvbnQtc2l6ZTogMTJweDsNCgl3aWR0aDogOTguNzUlOw0KCWJvcmRlcjogc29saWQgMXB4ICNDQ0NDQ0M7DQoJY29sb3I6ICM2NjY2NjY7DQoJYmFja2dyb3VuZC1jb2xvcjogI0VGRUZFRjsNCgliYWNrZ3JvdW5kLXJlcGVhdDpyZXBlYXQteDsNCgloZWlnaHQ6IDE5cHg7DQp9DQoNClRFWFRBUkVBLnR4dCB7DQoJZm9udC1mYW1pbHk6IGFyaWFsOw0KCWZvbnQtc2l6ZTogMTJweDsNCgl3aWR0aDogOTguNzUlOw0KCWJvcmRlcjogc29saWQgMXB4ICNDQ0NDQ0M7DQoJY29sb3I6ICM2NjY2NjY7DQoJYmFja2dyb3VuZC1jb2xvcjogI0VGRUZFRjsNCgliYWNrZ3JvdW5kLXJlcGVhdDpyZXBlYXQteDsNCglvdmVyZmxvdzogYXV0bzsNCn0NCg0KSU5QVVQudHh0IHsNCglmb250LWZhbWlseTogYXJpYWw7DQoJZm9udC1zaXplOiAxMnB4Ow0KCXdpZHRoOiA5OC43NSU7DQoJYm9yZGVyOiBzb2xpZCAxcHggI0NDQ0NDQzsNCgljb2xvcjogIzY2NjY2NjsNCgliYWNrZ3JvdW5kLWNvbG9yOiAjRUZFRkVGOw0KCWJhY2tncm91bmQtcmVwZWF0OnJlcGVhdC14Ow0KfQ0KDQouZm9ybWZsZCB7DQoJYm9yZGVyOiBzb2xpZCAxcHggI0NDQ0NDQzsNCgljb2xvcjogIzY2NjY2NjsNCgliYWNrZ3JvdW5kLWNvbG9yOiAjRjdGN0Y3Ow0KCXdpZHRoOiA1MCU7DQoJdGV4dC1hbGlnbjogbGVmdDsNCgkvKndpZHRoOiAzMDBweDsqLw0KfQ0KDQoudm5jZWxsIHsNCgkvKmJvcmRlci1ib3R0b206IDFweCBzb2xpZCAjOTk5OTk5OyovDQoJYm9yZGVyLWJvdHRvbTogMXB4IHNvbGlkICNDQ0NDQ0M7DQoJYmFja2dyb3VuZC1jb2xvcjogIzYzOUJDMTsNCgliYWNrZ3JvdW5kLWltYWdlOiB1cmwoJzwhLS17cHJvamVjdF9wYXRofS0tPi90aGVtZXMvZGVmYXVsdC9iYWNrZ3JvdW5kX2NlbGwucG5nJyk7DQoJcGFkZGluZy1yaWdodDogMjBweDsNCglwYWRkaW5nLWxlZnQ6IDhweDsNCgl0ZXh0LWFsaWduOiBsZWZ0Ow0KCWNvbG9yOiAjRkZGRkZGOw0KCS8qYm9yZGVyLWJvdHRvbTogMXB4IHNvbGlkICM5OTk5OTk7Ki8NCglib3JkZXItYm90dG9tOiAxcHggc29saWQgI0ZGRkZGRjsNCn0NCg0KLnZuY2VsbCBhOmxpbmt7IGNvbG9yOiNGRkZGRkY7IH0NCi52bmNlbGwgYTp2aXNpdGVkeyBjb2xvcjojRkZGRkZGOyB9DQoudm5jZWxsIHN0eWxlMCBhOmhvdmVyeyBjb2xvcjojRkZCRjAwOyB9DQoudm5jZWxsIGE6YWN0aXZleyBjb2xvcjojRkZCRjAwOyB9DQoNCi52bmNlbGxyZXEgew0KCWJhY2tncm91bmQtaW1hZ2U6IHVybCgnPCEtLXtwcm9qZWN0X3BhdGh9LS0+L3RoZW1lcy9kZWZhdWx0L2JhY2tncm91bmRfY2VsbC5wbmcnKTsNCglib3JkZXItYm90dG9tOiAxcHggc29saWQgI0ZGRkZGRjsNCgliYWNrZ3JvdW5kLWNvbG9yOiAjNjM5QkMxOw0KCXBhZGRpbmctcmlnaHQ6IDIwcHg7DQoJcGFkZGluZy1sZWZ0OiA4cHg7DQoJdGV4dC1hbGlnbjogbGVmdDsNCglmb250LXdlaWdodDogYm9sZDsNCgljb2xvcjogI0VGRUZFRjsNCn0NCg0KLnZ0YWJsZSB7DQoJYm9yZGVyLWJvdHRvbTogMXB4IHNvbGlkICNERkRGREY7DQp9DQoNCi5saXN0Ymcgew0KCWJvcmRlci1ib3R0b206IDFweCBzb2xpZCAjOTk5OTk5Ow0KCWZvbnQtc2l6ZTogMTFweDsNCgliYWNrZ3JvdW5kLWNvbG9yOiAjOTkwMDAwOw0KCWNvbG9yOiAjRkZGRkZGOwkNCglwYWRkaW5nLXJpZ2h0OiAxNnB4Ow0KCXBhZGRpbmctbGVmdDogNnB4Ow0KCXBhZGRpbmctdG9wOiA0cHg7DQoJcGFkZGluZy1ib3R0b206IDRweDsqLw0KfQ0KDQoucm93c3R5bGUwIHsNCgliYWNrZ3JvdW5kLWltYWdlOiB1cmwoJzwhLS17cHJvamVjdF9wYXRofS0tPi90aGVtZXMvZGVmYXVsdC9iYWNrZ3JvdW5kX2NlbGwucG5nJyk7DQoJLypib3JkZXItYm90dG9tOiAxcHggc29saWQgIzU3NTc1NzsqLw0KCWJvcmRlci1ib3R0b206IDFweCBzb2xpZCAjNTc1NzU3Ow0KCS8qYmFja2dyb3VuZC1jb2xvcjogI0VDRTlEODsgKi8NCgliYWNrZ3JvdW5kLWNvbG9yOiAjNjM5QkMxOw0KCWNvbG9yOiAjRkZGRkZGOw0KCXRleHQtYWxpZ246IGxlZnQ7DQoJcGFkZGluZy10b3A6IDRweDsNCglwYWRkaW5nLWJvdHRvbTogNHB4Ow0KCXBhZGRpbmctcmlnaHQ6IDdweDsNCglwYWRkaW5nLWxlZnQ6IDdweDsNCn0NCg0KLnJvd3N0eWxlMCBhOmxpbmt7IGNvbG9yOiNGRkZGRkY7IH0NCi5yb3dzdHlsZTAgYTp2aXNpdGVkeyBjb2xvcjojRkZGRkZGOyB9DQoucm93c3R5bGUwIGE6aG92ZXJ7IGNvbG9yOiNGRkJGMDA7IH0NCi5yb3dzdHlsZTAgYTphY3RpdmV7IGNvbG9yOiNGRkJGMDA7IH0NCg0KLnJvd3N0eWxlMSB7DQoJYm9yZGVyLWJvdHRvbTogMXB4IHNvbGlkICNERkRGREY7DQoJYmFja2dyb3VuZC1jb2xvcjogI0ZGRkZGRjsNCgl0ZXh0LWFsaWduOiBsZWZ0Ow0KCXBhZGRpbmctdG9wOiA0cHg7DQoJcGFkZGluZy1ib3R0b206IDRweDsNCglwYWRkaW5nLXJpZ2h0OiA3cHg7DQoJcGFkZGluZy1sZWZ0OiA3cHg7DQp9DQoNCi5yb3dzdHlsZWJnIHsNCglib3JkZXItYm90dG9tOiAxcHggc29saWQgIzk5OTk5OTsNCgliYWNrZ3JvdW5kLWNvbG9yOiAjNUY1RjVGOw0KCWNvbG9yOiAjRkZGRkZGOw0KCXRleHQtYWxpZ246IGxlZnQ7DQoJcGFkZGluZy10b3A6IDVweDsNCglwYWRkaW5nLWJvdHRvbTogNXB4Ow0KCXBhZGRpbmctcmlnaHQ6IDEwcHg7DQoJcGFkZGluZy1sZWZ0OiAxMHB4Ow0KfQ0KDQouYm9yZGVyIHsNCglib3JkZXI6IHNvbGlkIDFweCAjNzc3Nzc3Ow0KCWJhY2tncm91bmQtY29sb3I6ICNGRkZGRkY7DQp9DQoNCi5oZWFkZXJtYWluIHsNCgliYWNrZ3JvdW5kLWNvbG9yOiAjN0ZBRURFOw0KfQ0KDQouZnJtIHsNCglib3JkZXI6IHNvbGlkIDFweCAjQ0NDQ0NDOw0KCWNvbG9yOiAjNjY2NjY2Ow0KCWJhY2tncm91bmQtY29sb3I6ICNFRkVGRUY7DQoNCn0NCg0KLnNtYWxsdGV4dCB7DQoJY29sb3I6ICNCQkJCQkI7DQoJZm9udC1zaXplOiAxMXB4Ow0KCWZvbnQtZmFtaWx5OiBhcmlhbDsNCn0NCjwvc3R5bGU+DQoNCjxzY3JpcHQgdHlwZT0idGV4dC9qYXZhc2NyaXB0Ij4NCjwhLS0NCmZ1bmN0aW9uIGpzY29uZmlybSh0aXRsZSxtc2csdXJsKSB7DQoJaWYgKGNvbmZpcm0obXNnKSl7DQoJCXdpbmRvdy5sb2NhdGlvbiA9IHVybDsNCgl9DQoJZWxzZXsNCgl9DQp9DQovLy0tPg0KPC9zY3JpcHQ+DQoNCjxTQ1JJUFQgbGFuZ3VhZ2U9IkphdmFTY3JpcHQiPg0KPCEtLQ0KZnVuY3Rpb24gY29uZmlybWRlbGV0ZSh1cmwpIHsNCgl2YXIgY29uZmlybWVkID0gY29uZmlybSgiQXJlIHlvdSBzdXJlIHdhbnQgdG8gZGVsZXRlIHRoaXMuIik7DQoJaWYgKGNvbmZpcm1lZCA9PSB0cnVlKSB7DQoJCXdpbmRvdy5sb2NhdGlvbj11cmw7DQoJfQ0KfQ0KLy8tLT4NCjwvU0NSSVBUPg0KPC9oZWFkPg0KPGJvZHk+DQoNCjxkaXYgYWxpZ249J2NlbnRlcic+DQo8dGFibGUgd2lkdGg9JzkwJScgY2xhc3M9J2JvcmRlcicgYm9yZGVyPScwJyBjZWxscGFkZGluZz0nMCcgY2VsbHNwYWNpbmc9JzAnPg0KPHRyPg0KPHRkIGNsYXNzPSdoZWFkZXJtYWluJyBzdHlsZT0nYmFja2dyb3VuZC1jb2xvcjojRkZGRkZGOycgd2lkdGg9JzEwMCUnPg0KCTx0YWJsZSBjZWxscGFkZGluZz0nMCcgY2VsbHNwYWNpbmc9JzAnIGJvcmRlcj0nMCcgc3R5bGU9ImJhY2tncm91bmQtaW1hZ2U6IHVybCgnPCEtLXtwcm9qZWN0X3BhdGh9LS0+L3RoZW1lcy9kZWZhdWx0L2JhY2tncm91bmRfaGVhZC5wbmcnKTsgY29sb3I6ICNGRkZGRkY7IGZvbnQtc2l6ZTogMjBweDsnIiB3aWR0aD0nMTAwJSc+DQoJPHRyPg0KCTx0ZCBhbGlnbj0nY2VudGVyJyBjb2xzcGFuPScyJyBzdHlsZT0nJyB3aWR0aD0nMTAwJScgaGVpZ2h0PSc0Jz4NCgk8L3RkPg0KCTwvdHI+DQoJPHRyPg0KCTx0ZD48L3RkPg0KCTx0ZCBhbGlnbj0nbGVmdCcgdmFsaWduPSdtaWRkbGUnIGhlaWdodD0nNzBweDsnIG5vd3JhcD4NCgkJPGltZyBzcmM9JzwhLS17cHJvamVjdF9wYXRofS0tPi90aGVtZXMvZGVmYXVsdC9sb2dvLnBuZycgaGVpZ2h0PSc3MHB4JyAvPg0KCTwvdGQ+DQoJPC90cj4NCgk8dHI+DQoJPHRkIGFsaWduPSdjZW50ZXInIGNvbHNwYW49JzInIHN0eWxlPSdiYWNrZ3JvdW5kLWNvbG9yOiAjMjIyMjIyOycgd2lkdGg9JzEwMCUnIGhlaWdodD0nMjInPg0KCTwhLS17bWVudS5kaXNhYmxlZH0tLT4NCgk8L3RkPg0KCTwvdHI+DQoJPC90YWJsZT4NCg0KPC90ZD4NCjwvdHI+DQo8IS0tDQo8dHI+PHRkIGNvbHNwYW49JzEwMCUnPjxpbWcgc3JjPSc8IS0te3Byb2plY3RfcGF0aH0tLT4vaW1hZ2VzL3NwYWNlci5naWYnIHdpZHRoPScxMDAlJyBoZWlnaHQ9JzEnIHN0eWxlPSdiYWNrZ3JvdW5kLWNvbG9yOiAjQkJCQkJCOyc+PC90ZD48L3RyPg0KLS0+DQo8dHI+DQoNCjx0ZCB2YWxpZ249J3RvcCcgYWxpZ249J2NlbnRlcicgd2lkdGg9JzEwMCUnPg0KDQoNCjx0YWJsZSB3aWR0aD0nMTAwJScgY2VsbHBhZGRpbmc9JzI1JyBjZWxsc3BhY2luZz0nMCcgYm9yZGVyPScwJz4NCjx0cj4NCjx0ZCB3aWR0aD0nMTQwJyBhbGlnbj0nbGVmdCcgdmFsaWduPSd0b3AnIGNsYXNzPSdtZW51X2JnJz4NCjxiciAvPg0KPCEtLXttZW51fS0tPg0KPC90ZD4NCjx0ZCBhbGlnbj0nbGVmdCcgdmFsaWduPSd0b3AnPg0KPCEtLXtib2R5fS0tPg0KPGJyIC8+DQo8YnIgLz4NCjwvdGQ+DQo8L3RyPg0KPC90YWJsZT4NCg0KDQo8L3RkPg0KPC90cj4NCjwvdGFibGU+DQoNCjxzcGFuIGNsYXNzPSdzbWFsbHRleHQnPg0KPGEgY2xhc3M9J3NtYWxsdGV4dCcgdGFyZ2V0PSdfYmxhbmsnIGhyZWY9J2h0dHA6Ly93d3cuZnVzaW9ucGJ4LmNvbSc+ZnVzaW9ucGJ4LmNvbTwvYT4uIENvcHlyaWdodCAyMDA4IC0gMjAxMC4gQWxsIFJpZ2h0cyBSZXNlcnZlZA0KPC9zcGFuPg0KDQo8L3RkPg0KPC90cj4NCjwvdGFibGU+DQo8L2Rpdj4NCg0KPC90ZD4NCjwvdHI+DQo8L3RhYmxlPg0KDQo8YnI+DQoNCjwvYm9keT4NCjwvaHRtbD4=',NULL,NULL,NULL,NULL,'','PHN0eWxlIHR5cGU9J3RleHQvY3NzJz4NCg0KLm1lbnVfYmcgew0KCWJhY2tncm91bmQtaW1hZ2U6IHVybCgnPCEtLXtwcm9qZWN0X3BhdGh9LS0+L3RoZW1lcy9kZWZhdWx0L21lbnVfYmFja2dyb3VuZC5qcGcnKTsNCgliYWNrZ3JvdW5kLXJlcGVhdDogcmVwZWF0LXg7DQoJYmFja2dyb3VuZC1jb2xvcjogI0ZGRkZGRjsNCgl0ZXh0LWFsaWduOiBsZWZ0Ow0KCXBhZGRpbmctdG9wOiA0cHg7DQoJcGFkZGluZy1ib3R0b206IDI1cHg7DQoJcGFkZGluZy1sZWZ0OiA1cHg7DQoJcGFkZGluZy1yaWdodDoyMHB4Ow0KfQ0KDQoubWVudV9iZyBoMiB7DQoJdGV4dC1hbGlnbjogbGVmdDsNCn0NCg0KI21lbnUgdWwgew0KCWxpc3Qtc3R5bGUtdHlwZTpub25lOw0KCXBhZGRpbmc6MHB4Ow0KCW1hcmdpbjowcHg7DQp9DQoNCiNtZW51IGxpIHsNCgltYXJnaW4tdG9wOiAwOw0KCWJvcmRlci10b3Atd2lkdGg6IDA7DQoJcGFkZGluZy10b3A6IDA7DQoJbWFyZ2luLWJvdHRvbTogMDsNCglib3JkZXItYm90dG9tLXdpZHRoOiAwOw0KCXBhZGRpbmctYm90dG9tOiAwOw0KCWxpc3Qtc3R5bGUtdHlwZTpub25lOw0KCXBhZGRpbmc6MHB4Ow0KCW1hcmdpbjowcHg7DQoJcGFkZGluZy1sZWZ0OjE1cHg7DQp9DQoNCiNtZW51IHsNCgl3aWR0aDoxMDAlOw0KCWZsb2F0OmxlZnQ7DQp9DQoNCiNtZW51IGEsICNtZW51IGgyIHsNCglmb250OmJvbGQgMTFweC8xNnB4IGFyaWFsLGhlbHZldGljYSxzYW5zLXNlcmlmOw0KCWRpc3BsYXk6YmxvY2s7DQoJLypib3JkZXItY29sb3I6I2NjYyAjODg4ICM1NTUgI2JiYjsqLw0KCS8qYm9yZGVyOiBzb2xpZCAwLjVweCAjMjIyMjIyOyovDQoJd2hpdGUtc3BhY2U6bm93cmFwOw0KCW1hcmdpbjowOw0KCXBhZGRpbmctdG9wOjJweDsNCglwYWRkaW5nLWJvdHRvbToycHg7DQp9DQoNCiNtZW51IGgyIHsNCglhbGlnbjogbGVmdDsNCgkvKnRleHQtdHJhbnNmb3JtOnVwcGVyY2FzZSovDQp9DQoNCiNtZW51IGEgew0KCS8qYmFja2dyb3VuZDojMzMzMzMzOyovDQoJdGV4dC1kZWNvcmF0aW9uOm5vbmU7DQp9DQoNCiNtZW51IGE6aG92ZXIgew0KCWxpc3Qtc3R5bGUtdHlwZTpkaXNjOw0KCXRleHQtZGVjb3JhdGlvbjp1bmRlcmxpbmU7DQogIAkvKmxpc3Qtc3R5bGUtaW1hZ2U6IHVybCgiaW1hZ2VzL2ltZy5naWYiKTsqLw0KfQ0KDQo8L3N0eWxlPg==','');
CREATE TABLE v_users (id INT NOT NULL AUTO_INCREMENT PRIMARY KEY, v_id NUMERIC, username TEXT, password TEXT, usertype TEXT, usercategory TEXT, userfirstname TEXT, userlastname TEXT, usercompanyname TEXT, userphysicaladdress1 TEXT, userphysicaladdress2 TEXT, userphysicalcity TEXT, userphysicalstateprovince TEXT, userphysicalcountry TEXT, userphysicalpostalcode TEXT, usermailingaddress1 TEXT, usermailingaddress2 TEXT, usermailingcity TEXT, usermailingstateprovince TEXT, usermailingcountry TEXT, usermailingpostalcode TEXT, userbillingaddress1 TEXT, userbillingaddress2 TEXT, userbillingcity TEXT, userbillingstateprovince TEXT, userbillingcountry TEXT, userbillingpostalcode TEXT, usershippingaddress1 TEXT, usershippingaddress2 TEXT, usershippingcity TEXT, usershippingstateprovince TEXT, usershippingcountry TEXT, usershippingpostalcode TEXT, userurl TEXT, userphone1 TEXT, userphone1ext TEXT, userphone2 TEXT, userphone2ext TEXT, userphonemobile TEXT, userphoneemergencymobile TEXT, useremailemergency TEXT, userphonefax TEXT, useremail TEXT, usernotes TEXT, useroptional1 TEXT, useroptional2 TEXT, useradduser TEXT, useradddate TEXT);
INSERT INTO v_users VALUES(1,1,'admin','c7b194db01034581ad8fdf52de6036a8','Individual','user','admin','na','','','','','','','','','','','','','','','','','','','','','','','','','','','','','','','',NULL,'','','example@yahoo.com',NULL,NULL,NULL,'','2009-10-24 00:52:38');
INSERT INTO v_users VALUES(2,1,'superadmin','c7b194db01034581ad8fdf52de6036a8','Individual','user','superadmin','na','','','','','','','','','','','','','','','','','','','','','','','','','','','','','','','',NULL,'','','example@yahoo.com',NULL,NULL,NULL,'','2009-11-04 13:22:28');
CREATE TABLE v_auto_attendant (auto_attendant_id INT NOT NULL AUTO_INCREMENT PRIMARY KEY, v_id NUMERIC, aaextension TEXT, aaname TEXT, recordingidaction TEXT, recordingidantiaction TEXT, aatimeout TEXT, aacalltimeout TEXT, aacontext TEXT, aadirectdial TEXT, aaringback TEXT, aacidnameprefix TEXT, aaconditionjs TEXT, aadescr TEXT);
INSERT INTO v_auto_attendant VALUES(1,1,5002,5002,11,11,20,45,'default','true','ring','','condition=true;','');
CREATE TABLE v_auto_attendant_options (auto_attendant_option_id INT NOT NULL AUTO_INCREMENT PRIMARY KEY, v_id NUMERIC, auto_attendant_id NUMERIC, optionaction TEXT, optionnumber TEXT, optiontype TEXT, optionprofile TEXT, optiondata TEXT, optionrecording TEXT, optiondescr TEXT);
INSERT INTO v_auto_attendant_options VALUES(1,1,1,'action',1,'bridge','auto','sofia/internal/7002@${domain}','','');
INSERT INTO v_auto_attendant_options VALUES(2,1,1,'action',2,'bridge','auto','sofia/internal/7002@${domain}','','');
INSERT INTO v_auto_attendant_options VALUES(3,1,1,'action','t','transfer','auto','1001 XML default','','');
INSERT INTO v_auto_attendant_options VALUES(4,1,1,'action','d','bridge','auto','sofia/internal/7002@${domain}','','');
INSERT INTO v_auto_attendant_options VALUES(5,1,1,'action',3,'transfer','auto','1001 XML default','','');
CREATE TABLE v_call_broadcast (call_broadcast_id INT NOT NULL AUTO_INCREMENT PRIMARY KEY, v_id NUMERIC, broadcast_name TEXT, broadcast_desc TEXT, broadcast_timeout NUMERIC, broadcast_concurrent_limit NUMERIC, recordingid TEXT, broadcast_caller_id_name TEXT, broadcast_caller_id_number TEXT, broadcast_destination_type TEXT, broadcast_destination_data TEXT);
INSERT INTO v_call_broadcast VALUES(1,1,'test','This is a test broadcast entry.',59,10,9,'','','','');
CREATE TABLE v_dialplan_includes (dialplan_include_id INT NOT NULL AUTO_INCREMENT PRIMARY KEY, v_id NUMERIC, extensionname TEXT, extensioncontinue TEXT, dialplanorder NUMERIC, context TEXT, enabled TEXT, descr TEXT, opt1name TEXT, opt1value TEXT);
INSERT INTO v_dialplan_includes VALUES(4,1,5002,'',9001,'default','true','auto attendant','auto_attendant_id',1);
INSERT INTO v_dialplan_includes VALUES(5,1,7002,'',9001,'default','true','huntgroup','hunt_group_id',1);
INSERT INTO v_dialplan_includes VALUES(6,1,'7002.park','',9002,'default','true','fifo 7002','hunt_group_id_fifo',1);
INSERT INTO v_dialplan_includes VALUES(7,1,'Recordings','',9001,'default','true','*732673 default system recordings tool','recordings',732673);
INSERT INTO v_dialplan_includes VALUES(8,1,'DISA','',9001,'default','true','*3472 Direct Inward System Access ','disa',3472);
INSERT INTO v_dialplan_includes VALUES(15,1,2001,'',0,'','true','portaudio',NULL,NULL);
CREATE TABLE v_dialplan_includes_details (dialplan_includes_detail_id INT NOT NULL AUTO_INCREMENT PRIMARY KEY, v_id NUMERIC, dialplan_include_id NUMERIC, parent_id NUMERIC, tag TEXT, fieldorder NUMERIC, fieldtype TEXT, fielddata TEXT, fieldbreak TEXT);
INSERT INTO v_dialplan_includes_details VALUES(8,1,4,NULL,'condition',0,'destination_number','^5002$','');
INSERT INTO v_dialplan_includes_details VALUES(9,1,4,NULL,'action',1,'javascript','autoattendant_5002.js','');
INSERT INTO v_dialplan_includes_details VALUES(10,1,5,NULL,'condition',0,'destination_number','^7002$','');
INSERT INTO v_dialplan_includes_details VALUES(11,1,5,NULL,'action',1,'javascript','huntgroup_7002.js','');
INSERT INTO v_dialplan_includes_details VALUES(16,1,7,NULL,'condition',0,'destination_number','^\\*(732673)$','');
INSERT INTO v_dialplan_includes_details VALUES(17,1,7,NULL,'action',1,'javascript','recordings.js','');
INSERT INTO v_dialplan_includes_details VALUES(18,1,8,NULL,'condition',0,'destination_number','^\\*(3472)$','');
INSERT INTO v_dialplan_includes_details VALUES(19,1,8,NULL,'action',1,'javascript','disa.js','');
INSERT INTO v_dialplan_includes_details VALUES(74,1,15,NULL,'condition',0,'destination_number','^2001$','');
INSERT INTO v_dialplan_includes_details VALUES(75,1,15,NULL,'action',1,'bridge','portaudio','');
INSERT INTO v_dialplan_includes_details VALUES(76,1,15,NULL,'action',0,'set','ringback=${us-ring}','');
INSERT INTO v_dialplan_includes_details VALUES(85,1,16,NULL,'condition',0,'destination_number','^(pizza|74992)$','');
INSERT INTO v_dialplan_includes_details VALUES(86,1,16,NULL,'action',0,'javascript','javascript/ps_pizza.js','');
INSERT INTO v_dialplan_includes_details VALUES(87,1,6,NULL,'condition',0,'destination_number','^\\*7002$','');
INSERT INTO v_dialplan_includes_details VALUES(88,1,6,NULL,'action',1,'set','fifo_music=$${hold_music}','');
INSERT INTO v_dialplan_includes_details VALUES(89,1,6,NULL,'action',2,'set','fifo_orbit_exten=*991001:30','');
INSERT INTO v_dialplan_includes_details VALUES(90,1,6,NULL,'action',3,'fifo','7002@${domain_name} in','');
CREATE TABLE v_extensions (extension_id INT NOT NULL AUTO_INCREMENT PRIMARY KEY, v_id NUMERIC, extension TEXT, password TEXT, user_list TEXT, provisioning_list TEXT, mailbox TEXT, vm_password TEXT, accountcode TEXT, effective_caller_id_name TEXT, effective_caller_id_number TEXT, outbound_caller_id_name TEXT, outbound_caller_id_number TEXT, vm_mailto TEXT, vm_attach_file TEXT, vm_keep_local_after_email TEXT, user_context TEXT, callgroup TEXT, auth_acl TEXT, cidr TEXT, sip_force_contact TEXT, enabled TEXT, description TEXT);
CREATE TABLE v_fax (fax_id INT NOT NULL AUTO_INCREMENT PRIMARY KEY, v_id NUMERIC, faxextension TEXT, faxname TEXT, faxemail TEXT, faxdomain TEXT, faxdescription TEXT);
INSERT INTO v_fax VALUES(1,1,8001,8001,'','example.dyndns.org','');
CREATE TABLE v_gateways (gateway_id INT NOT NULL AUTO_INCREMENT PRIMARY KEY, v_id NUMERIC, gateway TEXT, username TEXT, password TEXT, auth_username TEXT, realm TEXT, from_user TEXT, from_domain TEXT, proxy TEXT, register_proxy TEXT, outbound_proxy TEXT, expire_seconds NUMERIC, register TEXT, register_transport TEXT, retry_seconds NUMERIC, extension TEXT, ping TEXT, caller_id_in_from TEXT, supress_cng TEXT, extension_in_contact TEXT, effective_caller_id_name TEXT, effective_caller_id_number TEXT, outbound_caller_id_name TEXT, outbound_caller_id_number TEXT, context TEXT, enabled TEXT, description TEXT);
CREATE TABLE v_hunt_group (hunt_group_id INT NOT NULL AUTO_INCREMENT PRIMARY KEY, v_id NUMERIC, huntgroupextension TEXT, huntgroupname TEXT, huntgrouptype TEXT, huntgroupcontext TEXT, huntgrouptimeout TEXT, huntgrouptimeoutdestination TEXT, huntgrouptimeouttype TEXT, huntgroupringback TEXT, huntgroupcidnameprefix TEXT, huntgrouppin TEXT, huntgroupcallerannounce TEXT, huntgroupdescr TEXT);
INSERT INTO v_hunt_group VALUES(1,1,7002,7002,'simultaneous','default',30,1001,'voicemail','ring','','','false','');
CREATE TABLE v_hunt_group_destinations (hunt_group_destination_id INT NOT NULL AUTO_INCREMENT PRIMARY KEY, v_id NUMERIC, hunt_group_id NUMERIC, destinationdata TEXT, destinationtype TEXT, destinationprofile TEXT, destinationorder NUMERIC, destinationdescr TEXT);
INSERT INTO v_hunt_group_destinations VALUES(1,1,1,1001,'extension','internal',0,'');
INSERT INTO v_hunt_group_destinations VALUES(2,1,1,1002,'extension','internal',0,'');
CREATE TABLE v_modules (module_id INT NOT NULL AUTO_INCREMENT PRIMARY KEY, v_id NUMERIC, modulelabel TEXT, modulename TEXT, moduledesc TEXT, modulecat TEXT, moduleenabled TEXT, moduledefaultenabled TEXT);
INSERT INTO v_modules VALUES(1,1,'Console','mod_console','Send logs to the console. ','Loggers','true','true');
INSERT INTO v_modules VALUES(2,1,'Log File','mod_logfile','Send logs to the local file system. ','Loggers','true','true');
INSERT INTO v_modules VALUES(3,1,'Syslog','mod_syslog','Send logs to a remote syslog server.','Loggers','false','false');
INSERT INTO v_modules VALUES(4,1,'ENUM','mod_enum','Route PSTN numbers over internet according to ENUM servers, such as e164.org.','Multi-Faceted','true','true');
INSERT INTO v_modules VALUES(5,1,'XML RPC','mod_xml_rpc','XML Remote Procedure Calls. Issue commands from your web application.','XML Interfaces','true','true');
INSERT INTO v_modules VALUES(6,1,'XML cURL','mod_xml_curl','XML Gateway Code. Configure FreeSWITCH from a web server on boot and on the fly.','XML Interfaces','false','false');
INSERT INTO v_modules VALUES(7,1,'XML CDR','mod_xml_cdr','XML based call detail record handler.','XML Interfaces','false','false');
INSERT INTO v_modules VALUES(8,1,'CDR CSV','mod_cdr_csv','CSV call detail record handler.','Event Handlers','true','true');
INSERT INTO v_modules VALUES(9,1,'Event Multicast','mod_event_multicast','Broadcasts events to netmask.','Event Handlers','false','false');
INSERT INTO v_modules VALUES(10,1,'Event Socket','mod_event_socket','Sends events via a single socket.','Event Handlers','true','true');
INSERT INTO v_modules VALUES(11,1,'Zeroconf','mod_zeroconf','Support for zeroconf.','Event Handlers','false','false');
INSERT INTO v_modules VALUES(12,1,'LDAP','mod_ldap','LDAP module made to obtain dialplans, user accounts, etc.','Directory Interfaces','true','true');
INSERT INTO v_modules VALUES(13,1,'Dingaling','mod_dingaling',NULL,'Endpoints','true','true');
INSERT INTO v_modules VALUES(14,1,'IAX','mod_iax','IAX2.','Endpoints','true','true');
INSERT INTO v_modules VALUES(15,1,'PortAudio','mod_portaudio','Voice through a local soundcard.','Endpoints','true','true');
INSERT INTO v_modules VALUES(16,1,'ALSA','mod_alsa','','Endpoints','false','false');
INSERT INTO v_modules VALUES(17,1,'Sofia','mod_sofia','SIP module.','Endpoints','true','true');
INSERT INTO v_modules VALUES(18,1,'Loopback','mod_loopback','A loopback channel driver to make an outbound call as an inbound call.','Endpoints','true','true');
INSERT INTO v_modules VALUES(19,1,'Wanpipe','mod_wanpipe','','Endpoints','false','false');
INSERT INTO v_modules VALUES(20,1,'Woomera','mod_woomera','','Endpoints','false','false');
INSERT INTO v_modules VALUES(21,1,'OpenZAP','mod_openzap','Interface to Zaptel hardware.','Endpoints','false','false');
INSERT INTO v_modules VALUES(22,1,'CID Lookup','mod_cidlookup','Caller ID Lookup','Applications','false','false');
INSERT INTO v_modules VALUES(23,1,'Commands','mod_commands','API interface commands. ','Applications','true','true');
INSERT INTO v_modules VALUES(24,1,'Conference','mod_conference','Conference room module.','Applications','true','true');
INSERT INTO v_modules VALUES(25,1,'Dialplan Plan Tools','mod_dptools','Provides a number of apps and utilities for the dialplan.','Applications','true','true');
INSERT INTO v_modules VALUES(26,1,'Easyroute','mod_easyroute','DID routing engine that uses a database lookup to determine how to route an incoming call.','Applications','false','false');
INSERT INTO v_modules VALUES(27,1,'ESF','mod_esf','Holds the multi cast paging application for SIP.','Applications','true','true');
INSERT INTO v_modules VALUES(28,1,'Expr','mod_expr','Expression evaluation library.','Applications','true','true');
INSERT INTO v_modules VALUES(29,1,'Fax','mod_fax','FAX provides fax send and receive.','Applications','true','true');
INSERT INTO v_modules VALUES(30,1,'FIFO','mod_fifo','FIFO provides custom call queues including call park.','Applications','true','true');
INSERT INTO v_modules VALUES(31,1,'File String','mod_file_string','','Applications','false','false');
INSERT INTO v_modules VALUES(32,1,'FSV','mod_fsv','Video application (Recording and playback). ','Applications','true','true');
INSERT INTO v_modules VALUES(33,1,'Voicemail','mod_voicemail','Full featured voicemail module.','Applications','true','true');
INSERT INTO v_modules VALUES(34,1,'LCR','mod_lcr','Least Cost Routing.','Applications','false','false');
INSERT INTO v_modules VALUES(35,1,'Limit','mod_limit','Resource limitation. ','Applications','true','true');
INSERT INTO v_modules VALUES(36,1,'SoundTouch','mod_soundtouch','Modify pitch and other sound effects.','Applications','false','false');
INSERT INTO v_modules VALUES(37,1,'Spy','mod_spy','','Applications','false','false');
INSERT INTO v_modules VALUES(38,1,'VMD','mod_vmd','Voicemail Beep Detection.','Applications','true','true');
INSERT INTO v_modules VALUES(39,1,'Snom','mod_snom','','snom','false','false');
INSERT INTO v_modules VALUES(40,1,'Dialplan Directory','mod_dialplan_directory','Allows you to obtain a dialplan from a directory resource.','Dialplan Interfaces','true','true');
INSERT INTO v_modules VALUES(41,1,'Dialplan XML','mod_dialplan_xml','Allows you to program dialplans in XML format.','Dialplan Interfaces','true','true');
INSERT INTO v_modules VALUES(42,1,'Dialplan Asterisk','mod_dialplan_asterisk','Allows you to create dialplans the old-fashioned way.','Dialplan Interfaces','false','false');
INSERT INTO v_modules VALUES(43,1,'YAML','mod_yaml','','Dialplan Interfaces','false','false');
INSERT INTO v_modules VALUES(44,1,'Voip Codecs','mod_voipcodecs',NULL,'Codec Interfaces','true','true');
INSERT INTO v_modules VALUES(45,1,'G.723.1','mod_g723_1','G.723.1 codec.','Codec Interfaces','true','true');
INSERT INTO v_modules VALUES(46,1,'G.729','mod_g729','G729 codec supports passthrough mode. ','Codec Interfaces','true','true');
INSERT INTO v_modules VALUES(47,1,'AMR','mod_amr','AMR codec.','Codec Interfaces','true','true');
INSERT INTO v_modules VALUES(48,1,'AMRWB','mod_amrwb','AMRWB codec.','Codec Interfaces','false','false');
INSERT INTO v_modules VALUES(49,1,'iLBC','mod_ilbc','iLBC codec.','Codec Interfaces','true','true');
INSERT INTO v_modules VALUES(50,1,'Speex','mod_speex','Speex codec.','Codec Interfaces','true','true');
INSERT INTO v_modules VALUES(51,1,'Siren','mod_siren','Siren codec.','Codec Interfaces','true','true');
INSERT INTO v_modules VALUES(52,1,'CELT','mod_celt','CELT codec.','Codec Interfaces','false','true');
INSERT INTO v_modules VALUES(53,1,'H.26x','mod_h26x','H.26X signed linear codec. Video Pass-thru. ','Codec Interfaces','true','true');
INSERT INTO v_modules VALUES(54,1,'Sound File','mod_sndfile','Multi-format file format transcoder (WAV, etc).','File Format Interfaces','true','true');
INSERT INTO v_modules VALUES(55,1,'Native File','mod_native_file','File interface for codec specific file formats.','File Format Interfaces','true','true');
INSERT INTO v_modules VALUES(56,1,'Shout','mod_shout','MP3 files and shoutcast streams.','Streams / Files','true','true');
INSERT INTO v_modules VALUES(57,1,'Local Stream','mod_local_stream','For local streams (play all the files in a directory).','Streams / Files','true','true');
INSERT INTO v_modules VALUES(58,1,'Tone Stream','mod_tone_stream','Generate tone streams.','Streams / Files','true','true');
INSERT INTO v_modules VALUES(59,1,'SpiderMonkey','mod_spidermonkey','JavaScript support.','Languages','true','true');
INSERT INTO v_modules VALUES(60,1,'SpiderMonkey Core DB','mod_spidermonkey_core_db','JavaScript SQLite support.','Languages','false','false');
INSERT INTO v_modules VALUES(61,1,'SpiderMonkey cURL','mod_spidermonkey_curl','JavaScript cURL support.','Languages','false','false');
INSERT INTO v_modules VALUES(62,1,'SpiderMonkey ODBC','mod_spidermonkey_odbc','JavaScript ODBC support.','Languages','false','false');
INSERT INTO v_modules VALUES(63,1,'SpiderMonkey Socket','mod_spidermonkey_socket','JavaScript Socket support.','Languages','false','false');
INSERT INTO v_modules VALUES(64,1,'SpiderMonkey Teletone','mod_spidermonkey_teletone','JavaScript Teletone support.','Languages','false','false');
INSERT INTO v_modules VALUES(65,1,'Perl','mod_perl','Perl script.','Languages','false','false');
INSERT INTO v_modules VALUES(66,1,'Python','mod_python','Python','Languages','false','false');
INSERT INTO v_modules VALUES(67,1,'Java','mod_java','Java','Languages','false','false');
INSERT INTO v_modules VALUES(68,1,'Lua','mod_lua','Lua script.','Languages','true','true');
INSERT INTO v_modules VALUES(69,1,'Flite','mod_flite','Text to Speech.','ASR / TTS','true','true');
INSERT INTO v_modules VALUES(70,1,'PocketSphinx','mod_pocketsphinx','Speech Recognition. ','ASR / TTS','true','true');
INSERT INTO v_modules VALUES(71,1,'Cepstral','mod_cepstral','Text to Speech.','ASR / TTS','false','false');
INSERT INTO v_modules VALUES(72,1,'OpenMRCP','mod_openmrcp','Allows communication with Media Resource Control Protocol servers.','ASR / TTS','false','false');
INSERT INTO v_modules VALUES(73,1,'RSS','mod_rss','Reads RSS feeds via a TTS engine.','ASR / TTS','true','true');
INSERT INTO v_modules VALUES(74,1,'German','mod_say_de','','Say','false','false');
INSERT INTO v_modules VALUES(75,1,'English','mod_say_en',NULL,'Say','true','true');
INSERT INTO v_modules VALUES(76,1,'Spanish','mod_say_es','','Say','false','false');
INSERT INTO v_modules VALUES(77,1,'French','mod_say_fr','','Say','false','false');
INSERT INTO v_modules VALUES(78,1,'Italian','mod_say_it','','Say','false','false');
INSERT INTO v_modules VALUES(79,1,'Dutch','mod_say_nl','','Say','false','false');
INSERT INTO v_modules VALUES(80,1,'Russian','mod_say_ru','','Say','false','false');
INSERT INTO v_modules VALUES(81,1,'Chinese','mod_say_zh','','Say','false','false');
INSERT INTO v_modules VALUES(82,1,'Valet Parking','mod_valet_parking',NULL,'Applications','true','true');
INSERT INTO v_modules VALUES(83,1,'Directory','mod_directory',NULL,'Applications','true','true');
CREATE TABLE v_public_includes (public_include_id INT NOT NULL AUTO_INCREMENT PRIMARY KEY, v_id NUMERIC, extensionname TEXT, extensioncontinue TEXT, publicorder NUMERIC, context TEXT, opt1name TEXT, opt1value TEXT, enabled TEXT, descr TEXT);
INSERT INTO v_public_includes VALUES(1,1,'inbound01','',1,'',NULL,NULL,'true','inbound');
CREATE TABLE v_public_includes_details ( public_includes_detail_id INT NOT NULL AUTO_INCREMENT PRIMARY KEY, v_id NUMERIC, public_include_id NUMERIC, parent_id NUMERIC, tag TEXT, fieldtype TEXT, fielddata TEXT, fieldorder NUMERIC, fieldbreak TEXT);
INSERT INTO v_public_includes_details VALUES(1,1,1,NULL,'condition','destination_number','^(12081231234)$',0,'');
INSERT INTO v_public_includes_details VALUES(2,1,1,NULL,'action','start_dtmf','',1,'');
INSERT INTO v_public_includes_details VALUES(3,1,1,NULL,'action','transfer','7002 XML default',2,'');
CREATE TABLE v_recordings ( recording_id INT NOT NULL AUTO_INCREMENT PRIMARY KEY, v_id NUMERIC, filename TEXT, recordingname TEXT, recordingid TEXT, descr TEXT );
INSERT INTO v_recordings VALUES(11,1,'auto_attendant_sales1_support2_billing3.wav','auto_attendant_sales1_support2_billing3.wav',NULL,'auto');
INSERT INTO v_recordings VALUES(12,1,'call_transfer.wav','call_transfer.wav',NULL,'auto');
INSERT INTO v_recordings VALUES(13,1,'simple_auto_attendant.wav','simple_auto_attendant.wav',NULL,'auto');
CREATE TABLE v_settings (setting_id INT NOT NULL AUTO_INCREMENT PRIMARY KEY, v_id NUMERIC, numbering_plan TEXT, default_gateway TEXT, default_area_code TEXT, event_socket_ip_address TEXT, event_socket_port TEXT, event_socket_password TEXT, xml_rpc_http_port TEXT, xml_rpc_auth_realm TEXT, xml_rpc_auth_user TEXT, xml_rpc_auth_pass TEXT, admin_pin NUMERIC, smtphost TEXT, smtpsecure TEXT, smtpauth TEXT, smtpusername TEXT, smtppassword TEXT, smtpfrom TEXT, smtpfromname TEXT, mod_shout_decoder TEXT, mod_shout_volume TEXT);
INSERT INTO v_settings VALUES(1,1,'US','',208,'127.0.0.1',8021,'ClueCon',8787,'localhost','xmlrpc','7e4d3i',1234,'','none','','','','','Voicemail','i386',0.3);
CREATE TABLE v_system_settings (v_id INT NOT NULL AUTO_INCREMENT PRIMARY KEY, domain TEXT, php_dir TEXT, tmp_dir TEXT, bin_dir TEXT, v_startup_script_dir TEXT, v_package_version TEXT, v_build_version TEXT, v_build_revision TEXT, v_label TEXT, v_name TEXT, v_dir TEXT, v_parent_dir TEXT, v_backup_dir TEXT, v_web_dir TEXT, v_web_root TEXT, v_relative_url TEXT, v_conf_dir TEXT, v_db_dir TEXT, v_htdocs_dir TEXT, v_log_dir TEXT, v_mod_dir TEXT, v_scripts_dir TEXT, v_storage_dir TEXT, v_recordings_dir TEXT, v_download_path TEXT, v_provisioning_tftp_dir TEXT, v_provisioning_ftp_dir TEXT, v_provisioning_https_dir TEXT, v_provisioning_http_dir TEXT, v_sounds_dir TEXT);
INSERT INTO v_system_settings VALUES(1,'localhost','{program_dir}/php','{program_dir}/temp','{program_dir}/FreeSWITCH','/',1.0,'1.0.4','Release','FreeSWITCH','freeswitch','{program_dir}/FreeSWITCH','{program_dir}','{program_dir}/backup','{program_dir}/www/localhost','{program_dir}/www/localhost','/','{program_dir}/FreeSWITCH/conf','{program_dir}/FreeSWITCH/db','{program_dir}/FreeSWITCH/htodcs','{program_dir}/FreeSWITCH/log','{program_dir}/modules','{program_dir}/FreeSWITCH/scripts','{program_dir}/FreeSWITCH/storage','{program_dir}/FreeSWITCH/recordings','http://fusionpbx.com/downloads/fusionpbx.tgz','','','','','{program_dir}/FreeSWITCH/sounds');
CREATE TABLE v_vars (v_id NUMERIC, var_id INT NOT NULL AUTO_INCREMENT PRIMARY KEY, var_name TEXT, var_value TEXT, var_cat TEXT, var_enabled TEXT, var_order NUMERIC, var_desc TEXT);
INSERT INTO v_vars VALUES(1,1,'sound_prefix','$${base_dir}/sounds/en/us/callie','Sound','true',3,'U2V0cyB0aGUgc291bmQgZGlyZWN0b3J5Lg==');
INSERT INTO v_vars VALUES(1,2,'domain','$${local_ip_v4}','Domain','true',1,'U2V0cyB0aGUgZGVmYXVsdCBkb21haW4u');
INSERT INTO v_vars VALUES(1,3,'domain_name','$${domain}','Domain','true',2,'');
INSERT INTO v_vars VALUES(1,4,'hold_music','local_stream://moh','Music on Hold','true',4,'');
INSERT INTO v_vars VALUES(1,5,'global_codec_prefs','G722,PCMU,PCMA,GSM','Codecs','true',5,'');
INSERT INTO v_vars VALUES(1,6,'outbound_codec_prefs','PCMU,PCMA,GSM','Codecs','true',6,'');
INSERT INTO v_vars VALUES(1,7,'xmpp_client_profile','xmppc','Dingaling','true',7,'eG1wcF9jbGllbnRfcHJvZmlsZSBhbmQgeG1wcF9zZXJ2ZXJfcHJvZmlsZSB4bXBwX2NsaWVudF9wcm9maWxlIGNhbiBiZSBhbnkgc3RyaW5nLiB4bXBwX3NlcnZlcl9wcm9maWxlIGlzIGFwcGVuZGVkIHRvICJkaW5nYWxpbmdfIiB0byBmb3JtIHRoZSBkYXRhYmFzZSBuYW1lIGNvbnRhaW5pbmcgdGhlICJzdWJzY3JpcHRpb25zIiB0YWJsZS4gdXNlZCBieTogZGluZ2FsaW5nLmNvbmYueG1sIGVudW0uY29uZi54bWw=');
INSERT INTO v_vars VALUES(1,8,'xmpp_server_profile','xmpps','Dingaling','true',8,'');
INSERT INTO v_vars VALUES(1,9,'bind_server_ip','auto','Dingaling','true',9,'Q2FuIGJlIGFuIGlwIGFkZHJlc3MsIGEgZG5zIG5hbWUsIG9yICJhdXRvIi4gVGhpcyBkZXRlcm1pbmVzIGFuIGlwIGFkZHJlc3MgYXZhaWxhYmxlIG9uIHRoaXMgaG9zdCB0byBiaW5kLiBJZiB5b3UgYXJlIHNlcGFyYXRpbmcgUlRQIGFuZCBTSVAgdHJhZmZpYywgeW91IHdpbGwgd2FudCB0byBoYXZlIHVzZSBkaWZmZXJlbnQgYWRkcmVzc2VzIHdoZXJlIHRoaXMgdmFyaWFibGUgYXBwZWFycy4gVXNlZCBieTogZGluZ2FsaW5nLmNvbmYueG1s');
INSERT INTO v_vars VALUES(1,10,'external_rtp_ip','stun:stun.fwdnet.net','IP Address','true',10,'KElmIHlvdScncmUgZ29pbmcgdG8gbG9hZCB0ZXN0IHRoZW4gcGxlYXNlIGlucHV0IHJlYWwgSVAgYWRkcmVzc2VzIGZvciBleHRlcm5hbF9ydHBfaXAgYW5kIGV4dGVybmFsX3NpcF9pcCkNCg0KQ2FuIGJlIGFuIG9uZSBvZjoNCiAgIGlwIGFkZHJlc3M6ICIxMi4zNC41Ni43OCINCiAgIGEgc3R1biBzZXJ2ZXIgbG9va3VwOiAic3R1bjpzdHVuLnNlcnZlci5jb20iDQogICBhIEROUyBuYW1lOiAiaG9zdDpob3N0LnNlcnZlci5jb20iDQoNCndoZXJlIGZzLm15ZG9tYWluLmNvbSBpcyBhIEROUyBBIHJlY29yZC11c2VmdWwgd2hlbiBmcyBpcyBvbiBhIGR5bmFtaWMgSVAgYWRkcmVzcywgYW5kIHVzZXMgYSBkeW5hbWljIEROUyB1cGRhdGVyLiBJZiB1bnNwZWNpZmllZCwgdGhlIGJpbmRfc2VydmVyX2lwIHZhbHVlIGlzIHVzZWQuIFVzZWQgYnk6IHNvZmlhLmNvbmYueG1sIGRpbmdhbGluZy5jb25mLnhtbA==');
INSERT INTO v_vars VALUES(1,11,'external_sip_ip','stun:stun.fwdnet.net','IP Address','true',11,'VXNlZCBhcyB0aGUgcHVibGljIElQIGFkZHJlc3MgZm9yIFNEUC4NCg0KQ2FuIGJlIGFuIG9uZSBvZjoNCiAgIGlwIGFkZHJlc3M6ICIxMi4zNC41Ni43OCINCiAgIGEgc3R1biBzZXJ2ZXIgbG9va3VwOiAic3R1bjpzdHVuLnNlcnZlci5jb20iDQogICBhIEROUyBuYW1lOiAiaG9zdDpob3N0LnNlcnZlci5jb20iDQoNCndoZXJlIGZzLm15ZG9tYWluLmNvbSBpcyBhIEROUyBBIHJlY29yZC11c2VmdWwgd2hlbiBmcyBpcyBvbiBhIGR5bmFtaWMgSVAgYWRkcmVzcywgYW5kIHVzZXMgYSBkeW5hbWljIEROUyB1cGRhdGVyLiBJZiB1bnNwZWNpZmllZCwgdGhlIGJpbmRfc2VydmVyX2lwIHZhbHVlIGlzIHVzZWQuIFVzZWQgYnk6IHNvZmlhLmNvbmYueG1sIGRpbmdhbGluZy5jb25mLnhtbA==');
INSERT INTO v_vars VALUES(1,12,'unroll_loops','true','SIP','true',12,'VXNlZCB0byB0dXJuIG9uIHNpcCBsb29wYmFjayB1bnJvbGxpbmcu');
INSERT INTO v_vars VALUES(1,13,'call_debug','false','Defaults','true',13,'');
INSERT INTO v_vars VALUES(1,14,'console_loglevel','info','Defaults','true',14,'');
INSERT INTO v_vars VALUES(1,15,'default_areacode',208,'Defaults','true',15,'');
INSERT INTO v_vars VALUES(1,16,'uk-ring','%(400,200,400,450);%(400,2200,400,450)','Defaults','true',16,'');
INSERT INTO v_vars VALUES(1,17,'us-ring','%(2000, 4000, 440.0, 480.0)','Defaults','true',17,'');
INSERT INTO v_vars VALUES(1,18,'fr-ring','%(1500, 3500, 440.0, 0.0)','Defaults','true',18,'');
INSERT INTO v_vars VALUES(1,19,'rs-ring','%(1000, 4000, 425.0, 0.0)','Defaults','true',19,'');
INSERT INTO v_vars VALUES(1,20,'bong-ring','v=-7;%(100,0,941.0,1477.0);v=-7;>=2;+=.1;%(1400,0,350,440)','Defaults','true',20,'');
INSERT INTO v_vars VALUES(1,21,'sit','%(274,0,913.8);%(274,0,1370.6);%(380,0,1776.7)','Defaults','true',21,'');
INSERT INTO v_vars VALUES(1,22,'sip_tls_version','tlsv1','SIP and TLS','true',21,'U0lQIGFuZCBUTFMgc2V0dGluZ3Mu');
INSERT INTO v_vars VALUES(1,23,'internal_auth_calls','true','SIP Profile: Internal','true',22,'');
INSERT INTO v_vars VALUES(1,24,'internal_sip_port',5060,'SIP Profile: Internal','true',23,'');
INSERT INTO v_vars VALUES(1,25,'internal_tls_port',5061,'SIP Profile: Internal','true',24,'');
INSERT INTO v_vars VALUES(1,26,'internal_ssl_enable','false','SIP Profile: Internal','true',25,'');
INSERT INTO v_vars VALUES(1,27,'internal_ssl_dir','$${base_dir}/conf/ssl','SIP Profile: Internal','true',26,'');
INSERT INTO v_vars VALUES(1,28,'external_auth_calls','false','SIP Profile: External','true',27,'');
INSERT INTO v_vars VALUES(1,29,'external_sip_port',5080,'SIP Profile: External','true',28,'');
INSERT INTO v_vars VALUES(1,30,'external_tls_port',5081,'SIP Profile: External','true',29,'');
INSERT INTO v_vars VALUES(1,31,'external_ssl_enable','false','SIP Profile: External','true',29,'');
INSERT INTO v_vars VALUES(1,32,'external_ssl_dir','$${base_dir}/conf/ssl','SIP Profile: External','true',30,'');
INSERT INTO v_vars VALUES(1,33,'use_profile','internal','Defaults','true',0,'');
CREATE TABLE v_cdr ( cdr_id INT NOT NULL AUTO_INCREMENT PRIMARY KEY, v_id NUMERIC, caller_id_name TEXT, caller_id_number TEXT, destination_number TEXT, context TEXT, start_stamp TEXT, answer_stamp TEXT, end_stamp TEXT, duration NUMERIC, billsec NUMERIC, hangup_cause TEXT, uuid TEXT, bleg_uuid TEXT, accountcode TEXT, read_codec TEXT, write_codec TEXT, remote_media_ip TEXT, network_addr TEXT );
CREATE TABLE v_src ( src_id INT NOT NULL AUTO_INCREMENT PRIMARY KEY, v_id NUMERIC, type TEXT, last_mod TEXT, path TEXT);